01060401_1440.jpg,12.660272831736728
09020019_0000.jpg,12.660272831736728
09080034_0540.jpg,12.660272831736728
09030022_0090.jpg,12.660272831736728
08300015_1710.jpg,12.660272831736728
01060400_0270.jpg,12.660272831736728
08260010_0630.jpg,12.660272831736728
09030024_0720.jpg,12.660272831736728
09030023_0360.jpg,12.660272831736728
08300016_0900.jpg,12.660272831736728
09090038_0270.jpg,12.660272831736728
05080226_0104.jpg,12.856053517688899
05080229_1494.jpg,12.856053517688899
03030079_0286.jpg,12.861794820146372
03030080_0001.jpg,12.861794820146372
03030075_0481.jpg,12.861794820146372
03030077_1456.jpg,12.861794820146372
03030076_1426.jpg,12.861794820146372
03030076_1576.jpg,12.861794820146372
03030079_1771.jpg,12.861794820146372
02160057_0108.jpg,12.877130786050959
02220226_0297.jpg,12.877130786050959
03260201_0842.jpg,12.877193739018194
03260204_0422.jpg,12.877193739018194
03260201_1577.jpg,12.877193739018194
03180029_0492.jpg,12.877193739018194
03180042_0212.jpg,12.877193739018194
03230154_0091.jpg,12.877193739018194
03180042_0548.jpg,12.877193739018194
03180042_1321.jpg,12.877193739018194
03180042_1546.jpg,12.877193739018194
03170013_1752.jpg,12.877193739018194
03270236_1461.jpg,12.877193739018194
03270230_0031.jpg,12.877193739018194
03260203_1231.jpg,12.877193739018194
03270230_1576.jpg,12.877193739018194
03050098_0138.jpg,12.881356977163014
03100112_0001.jpg,12.881356977163014
03070106_0024.jpg,12.881356977163014
06060222_1619.jpg,12.883621899067531
05310108_0031.jpg,12.883621899067531
06030198_0632.jpg,12.883621899067531
06030192_0632.jpg,12.883621899067531
03190092_1445.jpg,12.884352304027496
03200182_0214.jpg,12.884352304027496
03180079_1272.jpg,12.884352304027496
03180081_1800.jpg,12.884352304027496
03190099_1785.jpg,12.884352304027496
03190103_0480.jpg,12.884352304027496
03310067_0991.jpg,12.889134112491558
03110011_0437.jpg,12.889134112491558
12240032_0271.jpg,12.893030976717496
12240032_0944.jpg,12.893030976717496
01130231_1262.jpg,12.893030976717496
01080163_0106.jpg,12.893030976717496
01120226_0601.jpg,12.893030976717496
01150250_0274.jpg,12.893030976717496
12240031_1651.jpg,12.893030976717496
01150252_0949.jpg,12.893030976717496
01230308_1448.jpg,12.893030976717496
01040114_1354.jpg,12.893030976717496
01230309_1711.jpg,12.893030976717496
01040114_0214.jpg,12.893030976717496
01150249_0451.jpg,12.893030976717496
01110210_1216.jpg,12.893030976717496
01110214_0863.jpg,12.893030976717496
01080161_0173.jpg,12.893030976717496
12240031_0406.jpg,12.893030976717496
01230312_0421.jpg,12.893030976717496
12240032_1052.jpg,12.893030976717496
01130232_1306.jpg,12.893030976717496
12240031_0646.jpg,12.893030976717496
12240030_1813.jpg,12.893030976717496
01230308_1141.jpg,12.893030976717496
01230313_0436.jpg,12.893030976717496
12240030_0373.jpg,12.893030976717496
12280067_1111.jpg,12.893030976717496
02040286_0436.jpg,12.893492168479213
02090326_0342.jpg,12.893492168479213
03170037_0394.jpg,12.910813407848789
03300143_0437.jpg,12.910813407848789
04050158_0416.jpg,12.910813407848789
03220093_1501.jpg,12.910813407848789
04050158_0263.jpg,12.910813407848789
03300141_0091.jpg,12.910813407848789
05270190_1366.jpg,12.91094490443929
05270196_0781.jpg,12.91094490443929
05270175_0226.jpg,12.91094490443929
05280240_0797.jpg,12.91094490443929
05270163_1366.jpg,12.91094490443929
01210071_0684.jpg,12.911081084468316
01210054_0797.jpg,12.911081084468316
01220112_0242.jpg,12.911081084468316
03100132_0228.jpg,12.920894292214847
02160082_0646.jpg,12.920894292214847
02220434_0271.jpg,12.921521052523158
02190259_0722.jpg,12.921521052523158
02210362_1133.jpg,12.921521052523158
02220433_0151.jpg,12.921521052523158
02220434_0451.jpg,12.921521052523158
02210361_1263.jpg,12.921521052523158
02220434_0331.jpg,12.921521052523158
02210361_1714.jpg,12.921521052523158
02220455_0106.jpg,12.921521052523158
02220433_1111.jpg,12.921521052523158
02220434_0286.jpg,12.921521052523158
02170175_0318.jpg,12.921521052523158
02220434_0421.jpg,12.921521052523158
03290207_0016.jpg,12.921769839476417
03260136_0361.jpg,12.921769839476417
03290215_1478.jpg,12.921769839476417
03160003_1759.jpg,12.921769839476417
04040281_0001.jpg,12.921769839476417
04080328_1636.jpg,12.921769839476417
04070315_0880.jpg,12.921769839476417
02220016_1525.jpg,12.929780498740593
02220014_0773.jpg,12.929780498740593
02250134_1628.jpg,12.929780498740593
02210006_0436.jpg,12.929780498740593
02260170_0404.jpg,12.929780498740593
02240092_1026.jpg,12.929780498740593
02260170_0588.jpg,12.929780498740593
02240089_1231.jpg,12.929780498740593
08090013_0090.jpg,13.032377687922784
08310053_1530.jpg,13.032377687922784
08260035_0180.jpg,13.032377687922784
09110067_0900.jpg,13.032377687922784
08300047_0990.jpg,13.032377687922784
08120164_0000.jpg,13.037214218364147
08280972_0090.jpg,13.037214218364147
08120156_0000.jpg,13.037214218364147
09220031_1530.jpg,13.038699115454477
09220029_1260.jpg,13.038699115454477
09220027_0090.jpg,13.038699115454477
09260044_1260.jpg,13.038699115454477
09160013_0720.jpg,13.038699115454477
07170168_0450.jpg,13.055342183984884
07270284_0540.jpg,13.055342183984884
07130132_0540.jpg,13.055342183984884
